1,a,24985
2,a,19692
3,a,12138
4,a,10409
5,a,25882
6,a,20703
7,a,27314
8,a,16185
9,a,22032
10,a,24794
11,a,28009
12,a,14462
13,a,23177
14,a,24927
15,a,20408
16,a,10712
17,a,10861
18,a,28693
19,a,14965
20,a,16929
21,a,21147
22,a,11184
23,a,21110
24,a,29018
25,a,14169
26,a,24008
27,a,18547
28,a,13585
29,a,25871
30,a,24990
31,a,29968
32,a,27648
33,a,18749
34,a,22999
35,afas,29387
36,afas,22994
37,afas,24695
38,afas,26241
39,afas,16699
40,afas,10987
41,afas,28384
42,afas,14988
43,afas,21592
44,afas,26101
45,afas,27574
46,afas,24412
47,afas,19968
48,afas,12838
49,afas,18522
50,afas,18255
51,afas,20739
52,afas,14617
53,afas,13332
54,afas,12548
55,afas,19270
56,afas,29442
57,afas,10070
58,afas,29207
59,afas,19608
60,afas,10124
61,afas,25500
62,afas,11298
63,afas,19298
64,afas,11042
65,afas,25797
66,afas,26028
67,afas,20637
68,afas,28053
69,ag,17847
70,ag,29953
71,ag,13677
72,ag,27603
73,ag,11007
74,ag,29971
75,ag,17919
76,ag,27444
77,ag,17755
78,ag,13486
79,ag,27199
80,ag,29734
81,ag,29503
82,ag,28869
83,ag,10700
84,ag,18774
85,ag,13345
86,ag,14547
87,ag,21748
88,ag,28698
89,ag,16867
90,ag,24631
91,ag,25036
92,ag,21596
93,ag,13072
94,ag,22459
95,ag,19113
96,ag,24087
97,ag,19044
98,ag,16864
99,ag,13255
100,ag,14466
101,ag,27936
102,ag,14831
103,ag,25374
104,ag,27035
105,ag,27606
106,ag,20822
107,ag,17752
108,ag,19025
109,ag,29730
110,ag,16259
111,ag,22231
112,ag,13240
113,ag,24478
114,ag,23722
115,ag,28631
116,ag,15544
117,ag,16568
118,ag,26513
119,ag,29725
120,ag,11096
121,ag,19872
122,ag,26118
123,ag,27408
124,ag,14745
125,ag,11643
126,ag,28098
127,ag,26875
128,ag,13130
129,ag,15444
130,ag,24559
131,ag,22476
132,ag,23852
133,ag,25445
134,ag,20112
135,ag,20948
136,ag,12656
137,as,14046
138,as,10033
139,as,16991
140,as,18395
141,as,29865
142,as,18148
143,as,25940
144,as,26511
145,as,23357
146,as,27804
147,as,18632
148,as,18561
149,as,25042
150,as,20729
151,as,18258
152,as,14286
153,as,22475
154,as,23292
155,as,14230
156,as,29404
157,as,23743
158,as,27236
159,as,18088
160,as,17854
161,as,20014
162,as,26554
163,as,22188
164,as,16543
165,as,29268
166,as,14585
167,as,14245
168,as,25596
169,as,23470
170,as,23175
171,asd,17009
172,asd,11737
173,asd,19242
174,asd,23543
175,asd,28499
176,asd,15984
177,asd,20960
178,asd,12437
179,asd,21674
180,asd,17680
181,asd,14597
182,asd,13720
183,asd,26511
184,asd,23272
185,asd,17016
186,asd,10369
187,asd,11578
188,asd,15782
189,asd,27222
190,asd,25275
191,asd,16055
192,asd,10218
193,asd,14884
194,asd,10465
195,asd,26138
196,asd,22216
197,asd,24999
198,asd,25357
199,asd,27560
200,asd,25246
201,asd,26501
202,asd,24196
203,asd,26748
204,asd,15868
205,asg,20798
206,asg,16773
207,asg,20560
208,asg,15395
209,asg,24668
210,asg,29513
211,asg,28854
212,asg,20238
213,asg,11712
214,asg,22409
215,asg,29672
216,asg,28183
217,asg,16267
218,asg,23602
219,asg,22734
220,asg,28305
221,asg,29889
222,asg,12604
223,asg,11102
224,asg,24982
225,asg,10957
226,asg,11595
227,asg,21811
228,asg,23765
229,asg,21342
230,asg,29579
231,asg,11444
232,asg,12670
233,asg,25511
234,asg,26893
235,asg,11033
236,asg,22907
237,asg,27075
238,asg,18629
239,b,22613
240,b,28022
241,b,12163
242,b,22472
243,b,21818
244,b,19982
245,b,17293
246,b,11032
247,b,16912
248,b,20368
249,b,19630
250,b,10759
251,b,19903
252,b,22756
253,b,26647
254,b,11079
255,b,25533
256,c,16148
257,c,12472
258,c,18625
259,c,19261
260,c,14595
261,c,21860
262,c,16025
263,c,19949
264,c,24671
265,c,13411
266,c,17762
267,c,25527
268,c,22315
269,c,15855
270,c,14972
271,c,20599
272,c,21748
273,d,14036
274,d,16033
275,d,12851
276,d,14025
277,d,25829
278,d,25990
279,d,12658
280,d,29616
281,d,12956
282,d,20677
283,d,26877
284,d,12831
285,d,19252
286,d,19529
287,d,19826
288,d,14737
289,d,17696
290,d,20774
291,d,16648
292,d,15536
293,d,19895
294,d,24342
295,d,29089
296,d,17764
297,d,26204
298,d,10302
299,d,28880
300,d,13368
301,d,25541
302,d,11086
303,d,13726
304,d,19406
305,d,18795
306,d,13809
307,e,24653
308,e,15049
309,e,17933
310,e,17299
311,e,12286
312,e,18836
313,e,11090
314,e,15134
315,e,22713
316,e,19487
317,e,26719
318,e,19530
319,e,29449
320,e,28839
321,e,16216
322,e,11678
323,e,20762
324,fs,12051
325,fs,16730
326,fs,22081
327,fs,16085
328,fs,15121
329,fs,27298
330,fs,27660
331,fs,20701
332,fs,11630
333,fs,16700
334,fs,11154
335,fs,22787
336,fs,21057
337,fs,29126
338,fs,12713
339,fs,24403
340,fs,10070
341,fs,14917
342,fs,24392
343,fs,23906
344,fs,16569
345,fs,28770
346,fs,21340
347,fs,11058
348,fs,14231
349,fs,22372
350,fs,18428
351,fs,26125
352,fs,13813
353,fs,14160
354,fs,17805
355,fs,19048
356,fs,22705
357,fs,11508
358,g,17799
359,g,13104
360,g,25815
361,g,10374
362,g,22469
363,g,23133
364,g,17426
365,g,23175
366,g,25311
367,g,14772
368,g,11226
369,g,15031
370,g,11989
371,g,13619
372,g,15152
373,g,23971
374,g,16614
375,g,10553
376,g,14563
377,g,18014
378,g,25818
379,g,24564
380,g,28015
381,g,22837
382,g,26086
383,g,28370
384,g,24220
385,g,26716
386,g,22372
387,g,11020
388,g,21354
389,g,24772
390,g,21088
391,g,15915
392,gas,20468
393,gas,12494
394,gas,22366
395,gas,23656
396,gas,27819
397,gas,13431
398,gas,11030
399,gas,13845
400,gas,15925
401,gas,24515
402,gas,15182
403,gas,25872
404,gas,11200
405,gas,26530
406,gas,27143
407,gas,10447
408,gas,10002
409,gas,12740
410,gas,27523
411,gas,14679
412,gas,27312
413,gas,20937
414,gas,21585
415,gas,22069
416,gas,17389
417,gas,16662
418,gas,24992
419,gas,12841
420,gas,21440
421,gas,15976
422,gas,24362
423,gas,27460
424,gas,22970
425,gas,23616
426,gas,28729
427,gas,21017
428,gas,18492
429,gas,19856
430,gas,19829
431,gas,22744
432,gas,18070
433,gas,22422
434,gas,18771
435,gas,29077
436,gas,14812
437,gas,23393
438,gas,28210
439,gas,28769
440,gas,19648
441,gas,10445
442,gas,25224
443,gas,22732
444,gas,18957
445,gas,17357
446,gas,19706
447,gas,12496
448,gas,15886
449,gas,14992
450,gas,15892
451,gas,23339
452,gas,11573
453,gas,13412
454,gas,12231
455,gas,24880
456,gas,22080
457,gas,26759
458,gas,27746
459,gas,21540
460,gas,23478
461,gas,15588
462,gas,25105
463,gas,16480
464,gas,17754
465,gas,19830
466,gas,15846
467,gas,13297
468,gas,23021
469,gas,26912
470,gas,18754
471,gas,12426
472,gas,27170
473,gas,19039
474,gas,11106
475,gas,13245
476,gas,12544
477,gh,13682
478,gh,20164
479,gh,10806
480,gh,11094
481,gh,12139
482,gh,27165
483,gh,16857
484,gh,19411
485,gh,23921
486,gh,23185
487,gh,16508
488,gh,19259
489,gh,12638
490,gh,13805
491,gh,24312
492,gh,20771
493,gh,13287
494,gs,10980
495,gs,16431
496,gs,21926
497,gs,15189
498,gs,24455
499,gs,17274
500,gs,26907
501,gs,25884
502,gs,27817
503,gs,23168
504,gs,28042
505,gs,12587
506,gs,13239
507,gs,20929
508,gs,26403
509,gs,28788
510,gs,18326
511,gs,14157
512,gs,24330
513,gs,18200
514,gs,25745
515,gs,22909
516,gs,21174
517,gs,28077
518,gs,11040
519,gs,19119
520,gs,16267
521,gs,25211
522,gs,16190
523,gs,17112
524,gs,18164
525,gs,25963
526,gs,29333
527,gs,21395
528,gs,18919
529,gs,21456
530,gs,29418
531,gs,25084
532,gs,11066
533,gs,25885
534,gs,24829
535,gs,19676
536,gs,14438
537,gs,12535
538,gs,21719
539,gs,10915
540,gs,23825
541,gs,16260
542,gs,12344
543,gs,21021
544,gs,28104
545,gsag,22139
546,gsag,10130
547,gsag,23440
548,gsag,21101
549,gsag,16543
550,gsag,18651
551,gsag,12797
552,gsag,21058
553,gsag,24218
554,gsag,23624
555,gsag,25280
556,gsag,27789
557,gsag,17617
558,gsag,10358
559,gsag,18718
560,gsag,28618
561,gsag,19250
562,hd,19831
563,hd,20574
564,hd,10825
565,hd,20175
566,hd,27601
567,hd,24806
568,hd,14534
569,hd,17323
570,hd,17481
571,hd,22913
572,hd,22248
573,hd,16302
574,hd,11244
575,hd,29160
576,hd,13361
577,hd,28977
578,hd,11995
579,hd,16944
580,hd,24086
581,hd,15752
582,hd,20954
583,hd,16623
584,hd,23657
585,hd,28679
586,hd,19999
587,hd,17437
588,hd,12186
589,hd,11569
590,hd,22411
591,hd,14108
592,hd,24398
593,hd,11924
594,hd,25984
595,hd,24851
596,hd,14003
597,hd,15062
598,hd,24672
599,hd,10769
600,hd,23017
601,hd,15331
602,hd,16311
603,hd,26446
604,hd,13403
605,hd,22249
606,hd,27219
607,hd,28292
608,hd,21511
609,hd,10099
610,hd,10780
611,hd,12439
612,hd,19592
613,i,16582
614,i,23006
615,i,18003
616,i,16599
617,i,25086
618,i,29145
619,i,11752
620,i,10632
621,i,11026
622,i,10498
623,i,17127
624,i,22314
625,i,27304
626,i,13708
627,i,26040
628,i,18007
629,i,24840
630,jy,24055
631,jy,20311
632,jy,25066
633,jy,13517
634,jy,25153
635,jy,14583
636,jy,16104
637,jy,23170
638,jy,22872
639,jy,17849
640,jy,29852
641,jy,11201
642,jy,16684
643,jy,18415
644,jy,29257
645,jy,22007
646,jy,12409
647,k,15731
648,k,10477
649,k,28678
650,k,11362
651,k,19363
652,k,22218
653,k,12697
654,k,18875
655,k,14269
656,k,24977
657,k,29042
658,k,12112
659,k,23354
660,k,13913
661,k,19071
662,k,17891
663,k,11092
664,ki,12939
665,ki,19608
666,ki,18140
667,ki,13128
668,ki,14397
669,ki,22664
670,ki,22444
671,ki,18152
672,ki,17547
673,ki,23321
674,ki,26247
675,ki,12501
676,ki,25638
677,ki,25720
678,ki,23199
679,ki,20646
680,ki,14348
681,mrmt,12984
682,mrmt,25774
683,mrmt,26624
684,mrmt,22849
685,mrmt,17915
686,mrmt,28251
687,mrmt,10220
688,mrmt,23158
689,mrmt,29858
690,mrmt,15488
691,mrmt,20159
692,mrmt,28866
693,mrmt,20149
694,mrmt,27876
695,n,22039
696,n,11804
697,n,26984
698,n,24122
699,n,22102
700,n,14684
701,n,12996
702,n,17820
703,n,19467
704,n,28219
705,n,23110
706,n,21695
707,n,25216
708,n,20676
709,n,22489
710,n,12279
711,n,23191
712,n,27764
713,n,15295
714,n,13572
715,n,21314
716,n,18750
717,n,27918
718,n,20040
719,n,23425
720,n,14452
721,n,18317
722,n,23933
723,n,23782
724,n,16129
725,n,29381
726,n,10824
727,n,16246
728,n,28744
729,nr,23862
730,nr,29818
731,nr,22110
732,nr,18520
733,nr,23260
734,nr,15693
735,nr,14898
736,nr,25191
737,nr,21005
738,nr,11552
739,nr,11540
740,nr,10484
741,nr,19371
742,nr,18711
743,nr,15451
744,nr,15813
745,nr,24546
746,r,18252
747,r,25136
748,r,21103
749,r,11777
750,r,13557
751,r,28576
752,r,15932
753,r,28515
754,r,17411
755,r,29076
756,r,11944
757,r,17197
758,r,28849
759,r,10439
760,r,28274
761,r,20534
762,r,26647
763,rt,12178
764,rt,27522
765,rt,27473
766,rt,16229
767,rt,16203
768,rt,24620
769,rt,25975
770,rt,11119
771,rt,10133
772,rt,29569
773,rt,11773
774,rt,20026
775,rt,20688
776,rt,20421
777,rt,10379
778,rt,21772
779,rt,13664
780,s,13738
781,s,13281
782,s,12865
783,s,12228
784,s,27313
785,s,22853
786,s,28036
787,s,10852
788,s,18620
789,s,14344
790,s,27522
791,s,10904
792,s,14453
793,s,11258
794,s,15833
795,s,23041
796,s,23703
797,sa,15202
798,sa,27080
799,sa,19008
800,sa,25422
801,sa,24967
802,sa,22190
803,sa,17590
804,sa,17717
805,sa,23188
806,sa,27129
807,sa,24674
808,sa,11249
809,sa,24710
810,sa,19344
811,sa,22698
812,sa,25759
813,sa,15817
814,sa,12830
815,sa,27764
816,sa,25156
817,sa,17202
818,sa,21569
819,sa,24984
820,sa,18366
821,sa,12723
822,sa,26857
823,sa,27747
824,sa,22952
825,sa,14551
826,sa,27458
827,sa,21561
828,sa,24020
829,sa,18333
830,sa,21413
831,sa,11096
832,sa,15913
833,sa,12813
834,sa,12446
835,sa,21184
836,sa,23747
837,sa,14061
838,sa,28623
839,sa,26194
840,sa,28579
841,sa,27370
842,sa,28578
843,sa,17263
844,sa,26935
845,sa,29540
846,sa,18114
847,sa,14076
848,sa,17869
849,sa,11500
850,sa,22341
851,sa,28221
852,sa,27684
853,sa,21910
854,sa,20396
855,sa,27451
856,sa,29494
857,sa,28684
858,sa,15501
859,sa,27258
860,sa,14660
861,sa,17661
862,sa,13735
863,sa,19817
864,sa,16269
865,sa,25277
866,sa,20313
867,sa,12025
868,sa,19962
869,sa,15838
870,sa,13950
871,sa,24961
872,sa,14597
873,sa,28180
874,sa,13940
875,sa,17556
876,sa,22915
877,sa,10368
878,sa,20862
879,sa,18321
880,sa,16511
881,sa,25133
882,sg,24987
883,sg,11103
884,sg,20721
885,sg,16671
886,sg,23907
887,sg,16095
888,sg,28769
889,sg,10802
890,sg,25674
891,sg,10103
892,sg,20725
893,sg,29311
894,sg,10114
895,sg,20779
896,sg,12623
897,sg,27092
898,sg,13873
899,sgdgdfh,16116
900,sgdgdfh,23685
901,sgdgdfh,18369
902,sgdgdfh,12055
903,sgdgdfh,20375
904,sgdgdfh,27337
905,sgdgdfh,21625
906,sgdgdfh,25285
907,sgdgdfh,11251
908,sgdgdfh,27960
909,sgdgdfh,25416
910,sgdgdfh,21241
911,sgdgdfh,26442
912,sgdgdfh,16518
913,sgdgdfh,21400
914,sgdgdfh,29751
915,sgdgdfh,10165
916,sh,26729
917,sh,10877
918,sh,16384
919,sh,15233
920,sh,21922
921,sh,21131
922,sh,29260
923,sh,23859
924,sh,21669
925,sh,17775
926,sh,18649
927,sh,22907
928,sh,19191
929,sh,10262
930,sh,19594
931,sh,13818
932,sh,18743
933,tr,19635
934,tr,17495
935,tr,19620
936,tr,13406
937,tr,10586
938,tr,22972
939,tr,12012
940,tr,25481
941,tr,15742
942,tr,14894
943,tr,14715
944,tr,18557
945,tr,24299
946,tr,29046
947,tr,28313
948,tr,25736
949,tr,23332
950,tr,21955
951,tr,23925
952,tr,28835
953,tr,26099
954,tr,14535
955,tr,18973
956,tr,11126
957,tr,29273
958,tr,20052
959,tr,21063
960,tr,29280
961,tr,26242
962,tr,28467
963,tr,13941
964,tr,10410
965,tr,21300
966,tr,18638
967,tr,17899
968,tr,23421
969,tr,13933
970,tr,21464
971,tr,28303
972,tr,20213
973,tr,25107
974,tr,15130
975,tr,19091
976,tr,27210
977,tr,21221
978,tr,29045
979,tr,18556
980,tr,27156
981,tr,17118
982,tr,27025
983,tr,16420
984,y,19370
985,y,23873
986,y,17188
987,y,10211
988,y,25360
989,y,10856
990,y,13391
991,y,16242
992,y,12855
993,y,25781
994,y,23945
995,y,16323
996,y,14536
997,y,15993
998,y,15840
999,y,21174
1000,y,28608
