1,"Monday, January 5, 4511",23429,197,279,37,6,925
2,"Friday, January 16, 4511",5047,171,66,26,14,210
3,"Tuesday, January 27, 4511",35788,51,55,65,22,185
4,"Saturday, February 7, 4511",27440,77,171,16,30,147
5,"Wednesday, February 18, 4511",27346,147,183,32,49,72
6,"Sunday, March 1, 4511",10918,6,175,50,49,199
7,"Thursday, March 12, 4511",26461,87,151,4,12,42
8,"Monday, March 23, 4511",13380,69,10,56,29,235
9,"Friday, April 3, 4511",26353,240,78,84,37,228
10,"Tuesday, April 14, 4511",36035,160,35,49,44,177
11,"Saturday, April 25, 4511",448,71,109,66,41,157
12,"Wednesday, May 6, 4511",30012,74,60,46,15,106
13,"Sunday, May 17, 4511",29395,153,229,80,48,138
14,"Thursday, May 28, 4511",17216,41,111,25,6,219
15,"Monday, June 8, 4511",8334,9,46,42,48,29
16,"Friday, June 19, 4511",2441,50,64,13,44,89
17,"Tuesday, June 30, 4511",30111,172,214,47,26,210
18,"Saturday, July 11, 4511",22900,91,113,77,21,175
19,"Wednesday, July 22, 4511",24273,57,131,16,39,1
20,"Sunday, August 2, 4511",23331,90,23,64,26,74
21,"Thursday, August 13, 4511",36231,223,68,42,17,44
22,"Monday, August 24, 4511",26634,21,108,17,39,47
23,"Friday, September 4, 4511",22422,129,48,96,31,150
24,"Tuesday, September 15, 4511",950,232,33,12,43,115
25,"Saturday, September 26, 4511",16739,153,55,88,14,142
26,"Wednesday, October 7, 4511",26513,233,92,23,12,206
27,"Sunday, October 18, 4511",32891,109,102,23,35,24
28,"Thursday, October 29, 4511",21366,182,161,36,39,242
29,"Monday, November 9, 4511",10530,117,23,49,36,179
30,"Sunday, November 15, 4511",25890,141,222,36,36,101
31,"Tuesday, December 1, 4511",21666,156,99,61,1,230
32,"Saturday, December 12, 4511",31459,116,142,77,13,230
33,"Wednesday, December 23, 4511",7919,29,89,63,10,111
34,"Sunday, January 3, 4512",20403,53,163,49,14,43
35,"Thursday, January 14, 4512",16870,136,127,35,7,61
36,"Monday, January 25, 4512",24465,172,32,67,17,13
37,"Friday, February 5, 4512",39019,113,31,43,33,239
38,"Tuesday, February 16, 4512",17333,203,48,24,11,28
39,"Saturday, February 27, 4512",5484,112,243,68,2,59
40,"Wednesday, March 9, 4512",33251,208,136,75,33,5
41,"Tuesday, March 15, 4512",38554,209,31,4,7,140
42,"Thursday, March 31, 4512",10286,186,125,37,6,46
43,"Monday, April 11, 4512",27890,76,52,29,43,206
44,"Friday, April 22, 4512",8574,189,15,95,44,211
45,"Tuesday, May 3, 4512",38866,209,166,14,26,242
46,"Saturday, May 14, 4512",2216,235,174,36,22,75
47,"Wednesday, May 25, 4512",30677,202,136,22,22,143
48,"Sunday, June 5, 4512",6432,13,197,94,27,218
49,"Thursday, June 16, 4512",15300,39,161,40,3,71
50,"Monday, June 27, 4512",2892,136,26,24,29,164
51,"Friday, July 8, 4512",39325,208,3,30,32,151
52,"Tuesday, July 19, 4512",5688,235,133,57,7,6
53,"Saturday, July 30, 4512",28577,112,62,33,31,235
54,"Wednesday, August 10, 4512",14105,8,118,44,23,138
55,"Sunday, August 21, 4512",4509,203,98,47,41,181
56,"Thursday, September 1, 4512",8543,177,5,31,33,89
57,"Monday, September 12, 4512",31508,53,34,50,43,243
58,"Friday, September 23, 4512",7205,85,241,63,18,36
59,"Tuesday, October 4, 4512",8689,141,138,27,48,115
60,"Saturday, October 15, 4512",22603,134,113,37,9,233
61,"Wednesday, October 26, 4512",15609,49,229,3,15,5
62,"Sunday, November 6, 4512",29734,190,133,2,44,181
63,"Thursday, November 17, 4512",12203,16,29,36,1,222
64,"Monday, November 28, 4512",11065,176,80,21,40,218
65,"Friday, December 9, 4512",36423,166,64,96,33,192
66,"Thursday, December 15, 4512",6661,136,148,4,45,169
67,"Saturday, December 31, 4512",21194,58,56,34,38,191
68,"Wednesday, January 11, 4513",7452,120,90,45,28,173
69,"Sunday, January 22, 4513",11279,118,76,71,25,64
70,"Thursday, February 2, 4513",332,73,219,16,28,52
71,"Monday, February 13, 4513",13137,198,137,45,24,78
72,"Friday, February 24, 4513",12171,135,166,65,26,195
73,"Tuesday, March 7, 4513",10540,198,37,39,11,77
74,"Saturday, March 18, 4513",7131,166,159,69,12,38
75,"Wednesday, March 29, 4513",15640,72,83,50,16,79
76,"Sunday, April 9, 4513",14617,134,236,29,38,133
77,"Saturday, April 15, 4513",14290,210,169,85,26,150
78,"Monday, May 1, 4513",14664,6,209,43,19,201
79,"Friday, May 12, 4513",34319,159,141,65,28,192
80,"Tuesday, May 23, 4513",9918,210,3,96,1,214
81,"Saturday, June 3, 4513",6862,234,219,61,20,233
82,"Wednesday, June 14, 4513",1344,84,18,96,31,103
83,"Sunday, June 25, 4513",28430,227,86,4,43,73
84,"Thursday, July 6, 4513",4753,63,224,38,31,185
85,"Monday, July 17, 4513",30872,147,150,71,27,67
86,"Friday, July 28, 4513",37166,98,16,76,36,177
87,"Tuesday, August 8, 4513",15879,58,36,77,37,167
88,"Saturday, August 19, 4513",38605,69,78,8,1,218
89,"Wednesday, August 30, 4513",9336,62,60,43,41,93
90,"Sunday, September 10, 4513",8221,16,142,92,19,74
91,"Thursday, September 21, 4513",23842,140,98,40,28,234
92,"Monday, October 2, 4513",16276,55,50,83,18,36
93,"Friday, October 13, 4513",10205,99,165,29,38,68
94,"Tuesday, October 24, 4513",13402,42,191,33,1,216
95,"Saturday, November 4, 4513",24880,91,194,61,47,139
96,"Wednesday, November 15, 4513",25038,233,33,86,8,150
97,"Sunday, November 26, 4513",39288,88,66,97,40,33
98,"Thursday, December 7, 4513",2326,189,95,9,38,104
99,"Monday, December 18, 4513",19514,185,51,8,13,22
100,"Friday, December 29, 4513",10130,226,74,73,22,204
101,"Tuesday, January 9, 4514",18616,34,107,97,44,74
102,"Monday, January 15, 4514",16707,48,195,79,44,147
103,"Wednesday, January 31, 4514",17369,74,199,28,14,52
104,"Sunday, February 11, 4514",30508,15,9,76,32,142
105,"Thursday, February 22, 4514",34360,136,65,2,33,63
106,"Monday, March 5, 4514",27239,145,20,41,38,121
107,"Friday, March 16, 4514",33610,173,4,46,22,229
108,"Tuesday, March 27, 4514",22622,76,186,92,39,229
109,"Saturday, April 7, 4514",23224,49,178,25,7,15
110,"Wednesday, April 18, 4514",30718,234,96,15,47,188
111,"Sunday, April 29, 4514",9153,93,158,6,39,229
112,"Thursday, May 10, 4514",36026,172,105,19,45,76
113,"Monday, May 21, 4514",8041,185,61,40,49,4
114,"Friday, June 1, 4514",275,152,68,90,24,55
115,"Tuesday, June 12, 4514",26196,146,65,34,21,29
116,"Saturday, June 23, 4514",9370,41,65,48,46,167
117,"Wednesday, July 4, 4514",659,99,63,40,8,146
118,"Sunday, July 15, 4514",23441,47,138,71,46,101
119,"Thursday, July 26, 4514",13812,130,155,99,40,215
120,"Monday, August 6, 4514",22785,199,79,36,35,98
121,"Friday, August 17, 4514",28141,63,98,75,33,76
122,"Tuesday, August 28, 4514",23272,37,4,54,19,91
123,"Saturday, September 8, 4514",36954,107,183,79,41,49
124,"Wednesday, September 19, 4514",12558,79,178,16,10,227
125,"Sunday, September 30, 4514",18429,162,116,7,32,174
126,"Thursday, October 11, 4514",8555,21,145,69,44,47
127,"Monday, October 22, 4514",13492,29,27,22,11,138
128,"Friday, November 2, 4514",25813,196,222,39,22,138
129,"Tuesday, November 13, 4514",38913,171,4,40,4,235
130,"Saturday, November 24, 4514",38705,16,45,46,5,174
131,"Wednesday, December 5, 4514",18540,115,145,90,2,165
132,"Sunday, December 16, 4514",34447,67,202,40,6,50
133,"Thursday, December 27, 4514",10893,122,204,79,45,100
134,"Monday, January 7, 4515",3319,90,66,26,38,99
135,"Friday, January 18, 4515",29842,16,10,16,16,86
136,"Tuesday, January 29, 4515",30435,9,13,90,12,146
137,"Saturday, February 9, 4515",28139,226,149,44,15,16
138,"Friday, February 15, 4515",6835,126,225,99,43,222
139,"Sunday, March 3, 4515",16957,96,100,84,1,117
140,"Thursday, March 14, 4515",26138,153,35,24,6,200
141,"Monday, March 25, 4515",35752,51,168,93,27,4
142,"Friday, April 5, 4515",34585,68,48,22,43,15
143,"Tuesday, April 16, 4515",21944,124,42,95,28,232
144,"Saturday, April 27, 4515",39212,199,125,97,33,195
145,"Wednesday, May 8, 4515",16033,149,160,81,31,139
146,"Sunday, May 19, 4515",9812,205,196,87,34,71
147,"Thursday, May 30, 4515",31929,222,99,63,22,114
148,"Monday, June 10, 4515",8403,186,239,40,23,230
149,"Friday, June 21, 4515",4729,10,184,39,32,49
150,"Tuesday, July 2, 4515",11928,193,113,59,30,210
151,"Saturday, July 13, 4515",36183,21,108,88,10,166
152,"Wednesday, July 24, 4515",16369,198,217,69,38,164
153,"Sunday, August 4, 4515",23278,234,40,73,32,217
154,"Thursday, August 15, 4515",27103,10,103,23,22,31
155,"Monday, August 26, 4515",1413,96,85,76,24,216
156,"Friday, September 6, 4515",36611,59,89,15,10,112
157,"Tuesday, September 17, 4515",32523,76,76,38,17,78
158,"Saturday, September 28, 4515",20220,99,16,67,15,70
159,"Wednesday, October 9, 4515",39810,223,158,12,42,241
160,"Tuesday, October 15, 4515",27607,155,27,66,7,175
161,"Thursday, October 31, 4515",17779,89,199,44,38,231
162,"Monday, November 11, 4515",17110,43,25,70,8,149
163,"Friday, November 22, 4515",481,37,97,42,9,20
164,"Tuesday, December 3, 4515",27260,112,97,22,35,235
165,"Saturday, December 14, 4515",35011,5,94,78,3,67
166,"Wednesday, December 25, 4515",26885,233,128,32,15,37
167,"Sunday, January 5, 4516",24330,206,145,14,23,46
168,"Thursday, January 16, 4516",36178,17,227,93,36,3
169,"Monday, January 27, 4516",38244,187,174,80,23,198
170,"Friday, February 7, 4516",37478,7,62,28,35,169
171,"Tuesday, February 18, 4516",4720,180,153,98,36,28
172,"Saturday, February 29, 4516",27916,73,132,57,27,68
173,"Wednesday, March 11, 4516",26235,125,238,63,28,225
174,"Sunday, March 22, 4516",4227,45,9,79,41,109
175,"Thursday, April 2, 4516",4197,97,68,77,22,104
176,"Monday, April 13, 4516",9444,160,210,42,9,209
177,"Friday, April 24, 4516",1258,75,237,70,8,200
178,"Tuesday, May 5, 4516",20611,60,170,1,1,173
179,"Saturday, May 16, 4516",7581,167,160,40,4,11
180,"Wednesday, May 27, 4516",12525,71,115,99,28,192
181,"Sunday, June 7, 4516",39774,111,43,91,21,204
182,"Thursday, June 18, 4516",11861,31,68,4,10,117
183,"Monday, June 29, 4516",10755,110,85,24,30,121
184,"Friday, July 10, 4516",7198,217,18,32,27,208
185,"Tuesday, July 21, 4516",254,181,235,51,23,158
186,"Saturday, August 1, 4516",5106,92,104,62,17,13
187,"Wednesday, August 12, 4516",22231,204,20,73,40,126
188,"Sunday, August 23, 4516",816,43,1,17,18,127
189,"Thursday, September 3, 4516",34632,107,145,50,42,208
190,"Monday, September 14, 4516",14260,232,190,33,4,66
191,"Friday, September 25, 4516",15112,97,143,23,26,7
192,"Tuesday, October 6, 4516",7571,235,75,22,17,87
193,"Saturday, October 17, 4516",25244,142,186,95,37,65
194,"Wednesday, October 28, 4516",28214,157,22,52,27,86
195,"Sunday, November 8, 4516",15389,128,43,9,22,225
196,"Thursday, November 19, 4516",21625,112,50,39,10,113
197,"Monday, November 30, 4516",1865,172,61,82,20,89
198,"Friday, December 11, 4516",16616,166,84,98,19,226
199,"Tuesday, December 22, 4516",21157,10,148,25,13,181
200,"Saturday, January 2, 4517",8939,58,234,97,23,182
201,"Wednesday, January 13, 4517",15511,43,128,97,23,45
202,"Sunday, January 24, 4517",39438,159,21,25,41,5
203,"Thursday, February 4, 4517",9052,66,125,13,17,166
204,"Monday, February 15, 4517",17358,131,120,77,45,64
205,"Friday, February 26, 4517",39560,147,13,9,41,243
206,"Tuesday, March 9, 4517",31594,172,201,67,30,85
207,"Monday, March 15, 4517",253,232,53,44,19,52
208,"Wednesday, March 31, 4517",27758,138,76,7,5,76
209,"Sunday, April 11, 4517",20283,149,80,3,15,56
210,"Thursday, April 22, 4517",25585,56,224,41,31,19
211,"Monday, May 3, 4517",5975,30,66,12,33,189
212,"Friday, May 14, 4517",24651,231,157,13,12,158
213,"Tuesday, May 25, 4517",29252,129,185,76,44,116
214,"Saturday, June 5, 4517",5421,112,154,95,13,119
215,"Wednesday, June 16, 4517",11486,202,160,12,47,211
216,"Sunday, June 27, 4517",5035,29,68,39,12,232
217,"Thursday, July 8, 4517",18619,75,56,42,23,192
218,"Monday, July 19, 4517",22342,227,148,82,46,208
219,"Friday, July 30, 4517",7283,85,131,9,46,198
220,"Tuesday, August 10, 4517",38004,145,186,42,3,162
221,"Saturday, August 21, 4517",4926,235,29,53,25,203
222,"Wednesday, September 1, 4517",8209,40,232,46,9,113
223,"Sunday, September 12, 4517",39044,7,88,26,23,36
224,"Thursday, September 23, 4517",19500,230,210,40,3,166
225,"Monday, October 4, 4517",6379,190,172,80,24,176
226,"Friday, October 15, 4517",17241,83,209,31,16,130
227,"Tuesday, October 26, 4517",8120,101,150,56,47,208
228,"Saturday, November 6, 4517",35007,233,101,85,19,231
229,"Wednesday, November 17, 4517",23080,219,52,88,45,74
230,"Sunday, November 28, 4517",32917,117,243,74,19,195
231,"Thursday, December 9, 4517",22851,201,89,39,23,128
232,"Wednesday, December 15, 4517",39929,195,120,26,24,216
233,"Friday, December 31, 4517",36810,113,42,72,22,124
234,"Tuesday, January 11, 4518",12787,63,223,51,26,86
235,"Saturday, January 22, 4518",38175,134,44,89,44,128
236,"Wednesday, February 2, 4518",21853,89,144,43,5,85
237,"Sunday, February 13, 4518",1257,160,175,49,37,224
238,"Thursday, February 24, 4518",18815,166,226,11,8,207
239,"Monday, March 7, 4518",9464,24,3,43,32,33
240,"Friday, March 18, 4518",37846,82,115,34,37,27
241,"Tuesday, March 29, 4518",34709,209,159,80,38,185
242,"Saturday, April 9, 4518",23745,197,186,35,24,185
243,"Friday, April 15, 4518",4399,198,186,92,6,120
244,"Sunday, May 1, 4518",27503,125,160,21,18,206
245,"Thursday, May 12, 4518",35637,67,119,99,28,170
246,"Monday, May 23, 4518",8917,71,183,70,21,206
247,"Friday, June 3, 4518",37639,77,58,13,34,118
248,"Tuesday, June 14, 4518",3633,137,62,6,33,32
249,"Saturday, June 25, 4518",30692,175,198,88,6,41
250,"Wednesday, July 6, 4518",33409,2,167,61,8,54
251,"Sunday, July 17, 4518",17230,118,23,62,37,59
252,"Thursday, July 28, 4518",37934,192,167,83,8,168
253,"Monday, August 8, 4518",34746,77,7,96,9,82
254,"Friday, August 19, 4518",13418,233,156,59,23,109
255,"Tuesday, August 30, 4518",34721,169,18,21,8,133
256,"Saturday, September 10, 4518",2897,171,37,60,40,106
257,"Wednesday, September 21, 4518",21342,76,98,56,38,55
258,"Sunday, October 2, 4518",10473,166,117,16,19,200
259,"Thursday, October 13, 4518",15881,30,32,18,19,132
260,"Monday, October 24, 4518",8121,212,125,18,9,39
261,"Friday, November 4, 4518",12661,64,102,38,10,199
262,"Tuesday, November 15, 4518",2576,66,189,81,18,85
263,"Saturday, November 26, 4518",19228,120,101,42,5,202
264,"Wednesday, December 7, 4518",31028,162,195,40,25,133
265,"Sunday, December 18, 4518",14672,191,219,31,6,164
266,"Thursday, December 29, 4518",23009,20,109,78,21,30
267,"Monday, January 9, 4519",7213,15,191,19,11,168
268,"Sunday, January 15, 4519",9299,38,27,80,25,228
269,"Tuesday, January 31, 4519",27491,66,40,3,44,86
270,"Saturday, February 11, 4519",19082,37,121,47,8,182
271,"Wednesday, February 22, 4519",31365,182,76,50,27,54
272,"Sunday, March 5, 4519",21932,198,177,43,42,125
273,"Thursday, March 16, 4519",1893,58,16,62,13,1
274,"Monday, March 27, 4519",24219,76,91,69,20,143
275,"Friday, April 7, 4519",12263,36,153,55,35,145
276,"Tuesday, April 18, 4519",27828,208,162,55,1,11
277,"Saturday, April 29, 4519",22330,92,169,48,21,10
278,"Wednesday, May 10, 4519",3234,128,208,16,9,214
279,"Sunday, May 21, 4519",15862,26,73,66,16,236
280,"Thursday, June 1, 4519",3794,210,97,17,45,48
281,"Monday, June 12, 4519",33604,238,194,45,18,150
282,"Friday, June 23, 4519",36531,10,156,88,10,192
283,"Tuesday, July 4, 4519",38646,64,4,21,22,19
284,"Saturday, July 15, 4519",16563,124,119,17,13,104
285,"Wednesday, July 26, 4519",8266,232,170,15,35,113
286,"Sunday, August 6, 4519",6449,71,210,45,43,230
287,"Thursday, August 17, 4519",33297,179,136,28,12,217
288,"Monday, August 28, 4519",32721,15,12,87,16,106
289,"Friday, September 8, 4519",22998,19,213,29,13,176
290,"Tuesday, September 19, 4519",14358,12,192,19,43,236
291,"Saturday, September 30, 4519",35261,58,210,75,23,185
292,"Wednesday, October 11, 4519",243,156,208,64,21,227
293,"Sunday, October 22, 4519",31499,5,86,26,41,22
294,"Thursday, November 2, 4519",9246,40,213,51,20,86
295,"Monday, November 13, 4519",39841,74,121,96,43,149
296,"Friday, November 24, 4519",550,153,220,1,49,234
297,"Tuesday, December 5, 4519",28099,95,57,52,43,43
298,"Saturday, December 16, 4519",2282,97,99,23,21,26
299,"Wednesday, December 27, 4519",4487,67,195,7,30,76
300,"Sunday, January 7, 4520",32907,69,221,60,9,221
301,"Thursday, January 18, 4520",31264,225,58,77,26,226
302,"Monday, January 29, 4520",24326,75,148,1,7,155
303,"Friday, February 9, 4520",10869,141,82,96,10,66
304,"Thursday, February 15, 4520",19869,95,123,77,15,199
305,"Saturday, March 2, 4520",28906,63,59,1,1,22
306,"Wednesday, March 13, 4520",26411,26,189,91,41,205
307,"Sunday, March 24, 4520",21106,115,85,82,31,17
308,"Thursday, April 4, 4520",16968,25,225,34,48,104
309,"Monday, April 15, 4520",17081,46,227,94,30,21
310,"Friday, April 26, 4520",6605,52,88,63,42,119
311,"Tuesday, May 7, 4520",17152,37,161,94,26,37
312,"Saturday, May 18, 4520",13615,133,34,90,48,136
313,"Wednesday, May 29, 4520",15853,113,28,33,43,145
314,"Sunday, June 9, 4520",14975,45,137,38,8,92
315,"Saturday, June 15, 4520",4118,222,88,86,4,78
316,"Monday, July 1, 4520",14396,236,154,56,26,144
317,"Friday, July 12, 4520",29063,50,50,50,6,90
318,"Tuesday, July 23, 4520",6853,222,121,65,22,43
319,"Saturday, August 3, 4520",27642,23,229,95,26,99
320,"Wednesday, August 14, 4520",11240,211,235,82,41,99
321,"Sunday, August 25, 4520",5955,170,86,45,48,66
322,"Thursday, September 5, 4520",10890,184,91,47,35,136
323,"Monday, September 16, 4520",24908,95,182,17,9,160
324,"Friday, September 27, 4520",39776,42,237,78,42,125
325,"Tuesday, October 8, 4520",31120,80,178,30,32,35
326,"Saturday, October 19, 4520",14914,173,132,54,33,101
327,"Wednesday, October 30, 4520",7523,4,180,90,40,71
328,"Sunday, November 10, 4520",36255,58,234,93,36,176
329,"Thursday, November 21, 4520",4859,26,90,3,26,122
330,"Monday, December 2, 4520",32543,37,200,22,25,120
331,"Friday, December 13, 4520",35676,129,18,56,21,137
332,"Tuesday, December 24, 4520",16278,65,30,52,34,57
333,"Saturday, January 4, 4521",17995,130,194,8,10,71
334,"Wednesday, January 15, 4521",1459,33,92,30,1,201
335,"Sunday, January 26, 4521",13356,113,109,75,49,75
336,"Thursday, February 6, 4521",7049,221,158,5,44,160
337,"Monday, February 17, 4521",27146,20,99,27,21,180
338,"Friday, February 28, 4521",24414,143,128,15,9,97
339,"Tuesday, March 11, 4521",27989,236,188,54,35,223
340,"Saturday, March 22, 4521",26436,240,82,29,32,216
341,"Wednesday, April 2, 4521",20002,8,3,3,29,103
342,"Sunday, April 13, 4521",8826,99,151,8,16,182
343,"Thursday, April 24, 4521",27252,111,23,8,30,111
344,"Monday, May 5, 4521",32256,60,203,61,30,187
345,"Friday, May 16, 4521",21100,202,191,37,43,18
346,"Tuesday, May 27, 4521",28006,121,233,86,10,49
347,"Saturday, June 7, 4521",11278,41,86,79,43,149
348,"Wednesday, June 18, 4521",31195,101,139,60,43,28
349,"Sunday, June 29, 4521",15111,29,36,31,8,84
350,"Thursday, July 10, 4521",17101,57,63,86,6,72
351,"Monday, July 21, 4521",2948,88,232,56,4,146
352,"Friday, August 1, 4521",14255,189,17,36,13,39
353,"Tuesday, August 12, 4521",10625,129,33,80,46,17
354,"Saturday, August 23, 4521",17336,203,154,99,7,79
355,"Wednesday, September 3, 4521",11420,235,146,13,8,105
356,"Sunday, September 14, 4521",31415,232,16,20,9,189
357,"Thursday, September 25, 4521",4824,189,199,20,15,188
358,"Monday, October 6, 4521",19322,127,2,94,23,237
359,"Friday, October 17, 4521",10814,193,117,99,28,242
360,"Tuesday, October 28, 4521",7808,23,216,11,47,135
361,"Saturday, November 8, 4521",33926,151,48,97,18,173
362,"Wednesday, November 19, 4521",28991,187,173,46,7,198
363,"Sunday, November 30, 4521",11927,35,149,74,29,34
364,"Thursday, December 11, 4521",19448,240,231,20,25,175
365,"Monday, December 22, 4521",35974,166,231,99,41,202
366,"Friday, January 2, 4522",39242,124,157,22,47,193
367,"Tuesday, January 13, 4522",13737,33,186,90,43,227
368,"Saturday, January 24, 4522",9973,42,200,74,13,151
369,"Wednesday, February 4, 4522",11769,60,228,4,41,227
370,"Sunday, February 15, 4522",26450,122,28,72,30,85
371,"Thursday, February 26, 4522",34491,5,22,80,35,157
372,"Monday, March 9, 4522",11500,87,121,41,13,138
373,"Sunday, March 15, 4522",18004,147,128,18,4,82
374,"Tuesday, March 31, 4522",11967,136,20,90,21,54
375,"Saturday, April 11, 4522",37730,132,213,65,39,11
376,"Wednesday, April 22, 4522",28925,182,135,20,21,128
377,"Sunday, May 3, 4522",35089,202,78,87,4,27
378,"Thursday, May 14, 4522",29399,216,22,50,42,168
379,"Monday, May 25, 4522",13489,175,234,28,40,191
380,"Friday, June 5, 4522",37234,168,21,28,49,38
381,"Tuesday, June 16, 4522",7859,152,70,29,8,194
382,"Saturday, June 27, 4522",755,175,179,14,31,64
383,"Wednesday, July 8, 4522",33442,96,180,38,17,188
384,"Sunday, July 19, 4522",34713,242,116,23,20,58
385,"Thursday, July 30, 4522",32291,44,85,51,41,149
386,"Monday, August 10, 4522",31882,22,110,67,10,233
387,"Friday, August 21, 4522",14476,176,90,20,40,121
388,"Tuesday, September 1, 4522",23003,51,131,58,26,71
389,"Saturday, September 12, 4522",33167,83,219,17,49,208
390,"Wednesday, September 23, 4522",13717,51,39,21,46,22
391,"Sunday, October 4, 4522",37405,71,224,51,7,196
392,"Thursday, October 15, 4522",29380,175,144,35,2,171
393,"Monday, October 26, 4522",24820,19,241,62,10,72
394,"Friday, November 6, 4522",16510,51,186,82,30,174
395,"Tuesday, November 17, 4522",23887,125,87,88,42,127
396,"Saturday, November 28, 4522",14085,164,162,69,11,6
397,"Wednesday, December 9, 4522",2722,162,61,15,1,184
398,"Tuesday, December 15, 4522",17652,62,121,4,36,137
399,"Thursday, December 31, 4522",20392,171,175,21,5,200
400,"Monday, January 11, 4523",25724,171,1,63,23,218
401,"Friday, January 22, 4523",12756,226,112,16,25,144
402,"Tuesday, February 2, 4523",39510,18,123,52,43,114
403,"Saturday, February 13, 4523",31150,91,210,74,23,70
404,"Wednesday, February 24, 4523",26710,223,159,39,9,207
405,"Sunday, March 7, 4523",17742,147,45,42,20,143
406,"Thursday, March 18, 4523",38372,108,19,79,30,239
407,"Monday, March 29, 4523",7442,192,138,40,26,29
408,"Friday, April 9, 4523",6661,64,174,36,1,141
409,"Thursday, April 15, 4523",30206,236,239,8,47,219
410,"Saturday, May 1, 4523",6215,218,114,51,17,241
411,"Wednesday, May 12, 4523",13380,120,57,31,30,36
412,"Sunday, May 23, 4523",36601,126,26,89,16,227
413,"Thursday, June 3, 4523",38600,19,150,63,6,78
414,"Monday, June 14, 4523",34005,197,138,3,41,164
415,"Friday, June 25, 4523",31909,63,151,32,33,15
416,"Tuesday, July 6, 4523",13496,31,129,19,21,20
417,"Saturday, July 17, 4523",32721,173,151,17,23,189
418,"Wednesday, July 28, 4523",31858,192,62,70,1,98
419,"Sunday, August 8, 4523",29064,139,101,42,32,179
420,"Thursday, August 19, 4523",8742,28,182,31,34,199
421,"Monday, August 30, 4523",4760,131,128,60,28,105
422,"Friday, September 10, 4523",38731,113,187,49,22,144
423,"Tuesday, September 21, 4523",15977,24,114,8,41,236
424,"Saturday, October 2, 4523",4074,67,61,52,38,227
425,"Wednesday, October 13, 4523",16935,241,42,12,3,4
426,"Sunday, October 24, 4523",3777,9,151,89,46,85
427,"Thursday, November 4, 4523",29713,184,239,38,20,184
428,"Monday, November 15, 4523",3702,42,182,32,27,137
429,"Friday, November 26, 4523",24804,16,200,96,40,97
430,"Tuesday, December 7, 4523",25538,89,224,42,41,173
431,"Saturday, December 18, 4523",3882,125,65,2,48,120
432,"Wednesday, December 29, 4523",37792,46,92,96,46,6
433,"Sunday, January 9, 4524",25038,18,10,18,28,102
434,"Saturday, January 15, 4524",8615,121,18,10,8,203
435,"Monday, January 31, 4524",19925,221,152,96,34,126
436,"Friday, February 11, 4524",22373,224,86,50,1,133
437,"Tuesday, February 22, 4524",16546,29,157,81,44,120
438,"Saturday, March 4, 4524",39410,7,1,48,29,172
439,"Wednesday, March 15, 4524",16100,122,44,93,16,239
440,"Sunday, March 26, 4524",19558,48,201,24,30,216
441,"Thursday, April 6, 4524",31203,158,44,19,28,218
442,"Monday, April 17, 4524",6890,224,171,76,38,162
443,"Friday, April 28, 4524",6130,84,23,3,35,145
444,"Tuesday, May 9, 4524",35783,17,9,24,23,59
445,"Monday, May 15, 4524",31217,62,222,78,31,109
446,"Wednesday, May 31, 4524",464,37,209,11,5,102
447,"Sunday, June 11, 4524",11250,121,42,56,2,238
448,"Thursday, June 22, 4524",29890,172,23,15,45,154
449,"Monday, July 3, 4524",10091,218,216,1,31,106
450,"Friday, July 14, 4524",10125,218,238,19,10,138
451,"Tuesday, July 25, 4524",26774,77,8,77,17,24
452,"Saturday, August 5, 4524",7316,128,108,73,18,218
453,"Wednesday, August 16, 4524",35819,78,169,55,49,121
454,"Sunday, August 27, 4524",21721,106,125,46,20,67
455,"Thursday, September 7, 4524",11172,222,220,8,23,25
456,"Monday, September 18, 4524",13582,191,241,63,49,60
457,"Friday, September 29, 4524",23083,105,140,58,35,210
458,"Tuesday, October 10, 4524",34624,103,215,23,18,239
459,"Saturday, October 21, 4524",26701,84,196,23,16,41
460,"Wednesday, November 1, 4524",27737,199,210,41,4,103
461,"Sunday, November 12, 4524",38598,44,139,39,24,114
462,"Thursday, November 23, 4524",28437,181,64,99,30,78
463,"Monday, December 4, 4524",33826,107,234,58,39,164
464,"Friday, December 15, 4524",10035,232,234,55,15,190
465,"Tuesday, December 26, 4524",11058,9,224,3,12,75
466,"Saturday, January 6, 4525",27995,190,73,58,28,85
467,"Wednesday, January 17, 4525",7624,209,153,83,23,16
468,"Sunday, January 28, 4525",14637,155,186,67,28,131
469,"Thursday, February 8, 4525",9216,112,191,75,26,174
470,"Monday, February 19, 4525",32425,179,96,12,42,11
471,"Friday, March 2, 4525",5104,56,178,76,43,90
472,"Tuesday, March 13, 4525",8775,107,56,24,32,139
473,"Saturday, March 24, 4525",6315,81,196,24,30,36
474,"Wednesday, April 4, 4525",39634,205,53,72,41,113
475,"Sunday, April 15, 4525",27188,124,157,29,4,66
476,"Thursday, April 26, 4525",1234,88,117,1,32,242
477,"Monday, May 7, 4525",11624,59,48,16,15,217
478,"Friday, May 18, 4525",25572,158,232,74,5,117
479,"Tuesday, May 29, 4525",6613,44,239,31,43,241
480,"Saturday, June 9, 4525",34948,89,223,75,12,201
481,"Friday, June 15, 4525",31545,218,162,74,8,191
482,"Sunday, July 1, 4525",26087,65,149,16,28,159
483,"Thursday, July 12, 4525",9995,169,166,81,46,218
484,"Monday, July 23, 4525",25546,53,176,46,14,236
485,"Friday, August 3, 4525",19090,117,208,95,34,105
486,"Tuesday, August 14, 4525",17833,80,135,94,19,131
487,"Saturday, August 25, 4525",4775,214,59,56,21,47
488,"Wednesday, September 5, 4525",8303,86,10,57,45,121
489,"Sunday, September 16, 4525",37999,121,241,76,31,49
490,"Thursday, September 27, 4525",13981,201,209,59,28,166
491,"Monday, October 8, 4525",1952,58,150,55,33,146
492,"Friday, October 19, 4525",7357,89,93,82,15,173
493,"Tuesday, October 30, 4525",38611,212,19,76,20,108
494,"Saturday, November 10, 4525",38600,217,71,65,43,182
495,"Wednesday, November 21, 4525",20091,11,104,12,26,125
496,"Sunday, December 2, 4525",23586,83,81,96,45,136
497,"Thursday, December 13, 4525",39604,144,47,79,24,176
498,"Monday, December 24, 4525",11398,66,113,34,41,143
499,"Friday, January 4, 4526",33503,121,214,80,26,39
500,"Tuesday, January 15, 4526",19090,136,13,42,12,59
501,"Saturday, January 26, 4526",34451,222,176,98,13,40
502,"Wednesday, February 6, 4526",17662,22,107,25,29,223
503,"Sunday, February 17, 4526",26608,192,171,15,31,84
504,"Thursday, February 28, 4526",34554,77,147,40,46,102
505,"Monday, March 11, 4526",6115,239,191,74,10,137
506,"Friday, March 22, 4526",23301,86,95,14,46,56
507,"Tuesday, April 2, 4526",31862,49,120,66,11,236
508,"Saturday, April 13, 4526",25756,137,190,46,26,30
509,"Wednesday, April 24, 4526",18635,84,26,91,23,182
510,"Sunday, May 5, 4526",18768,2,199,80,2,126
511,"Thursday, May 16, 4526",38297,20,168,52,13,175
512,"Monday, May 27, 4526",39131,160,189,75,9,237
513,"Friday, June 7, 4526",27302,241,183,59,32,209
514,"Tuesday, June 18, 4526",28999,80,28,99,27,220
515,"Saturday, June 29, 4526",19957,89,42,17,29,43
516,"Wednesday, July 10, 4526",3625,239,122,24,36,11
517,"Sunday, July 21, 4526",19399,79,232,27,6,192
518,"Thursday, August 1, 4526",34116,108,23,48,24,221
519,"Monday, August 12, 4526",16522,180,32,83,19,231
520,"Friday, August 23, 4526",5548,47,3,31,6,63
521,"Tuesday, September 3, 4526",5984,243,105,41,3,84
522,"Saturday, September 14, 4526",37152,15,186,23,4,40
523,"Wednesday, September 25, 4526",14427,168,68,19,3,49
524,"Sunday, October 6, 4526",30859,129,69,47,44,62
525,"Thursday, October 17, 4526",25371,178,170,98,47,55
526,"Monday, October 28, 4526",34404,16,209,53,39,55
527,"Friday, November 8, 4526",35508,108,214,74,45,202
528,"Tuesday, November 19, 4526",22658,153,63,18,18,189
529,"Saturday, November 30, 4526",7843,95,15,66,13,174
530,"Wednesday, December 11, 4526",15453,115,136,96,38,59
531,"Sunday, December 22, 4526",8865,96,159,78,16,66
532,"Thursday, January 2, 4527",26957,98,240,86,27,69
533,"Monday, January 13, 4527",10546,101,39,35,1,1
534,"Friday, January 24, 4527",28256,186,147,84,40,51
535,"Tuesday, February 4, 4527",16998,130,177,49,43,27
536,"Saturday, February 15, 4527",37778,211,148,91,33,233
537,"Wednesday, February 26, 4527",16136,182,84,98,43,101
538,"Sunday, March 9, 4527",13176,232,233,83,34,107
539,"Saturday, March 15, 4527",22620,229,49,92,23,161
540,"Monday, March 31, 4527",329,132,3,76,19,47
541,"Friday, April 11, 4527",37181,51,226,64,16,181
542,"Tuesday, April 22, 4527",15123,152,219,42,29,151
543,"Saturday, May 3, 4527",7727,99,164,48,13,119
544,"Wednesday, May 14, 4527",12720,178,65,3,8,180
545,"Sunday, May 25, 4527",8091,39,181,16,6,231
546,"Thursday, June 5, 4527",687,49,16,10,20,222
547,"Monday, June 16, 4527",18092,233,211,89,27,90
548,"Friday, June 27, 4527",7168,227,130,32,8,227
549,"Tuesday, July 8, 4527",39272,233,118,83,30,141
550,"Saturday, July 19, 4527",22976,136,128,3,22,102
551,"Wednesday, July 30, 4527",25158,134,36,36,23,59
552,"Sunday, August 10, 4527",39869,2,125,59,28,132
553,"Thursday, August 21, 4527",20325,218,123,50,40,123
554,"Monday, September 1, 4527",31157,48,203,45,31,92
555,"Friday, September 12, 4527",1526,152,80,91,49,72
556,"Tuesday, September 23, 4527",35032,60,142,10,25,84
557,"Saturday, October 4, 4527",12326,192,16,96,37,104
558,"Wednesday, October 15, 4527",28296,194,56,42,20,56
559,"Sunday, October 26, 4527",26810,102,76,57,38,108
560,"Thursday, November 6, 4527",2742,55,164,49,31,141
561,"Monday, November 17, 4527",17816,194,31,32,32,128
562,"Friday, November 28, 4527",3853,36,132,51,48,30
563,"Tuesday, December 9, 4527",22856,211,239,50,3,146
564,"Monday, December 15, 4527",34811,60,108,55,1,75
565,"Wednesday, December 31, 4527",36650,205,79,15,45,130
566,"Sunday, January 11, 4528",24654,87,68,76,25,32
567,"Thursday, January 22, 4528",4634,147,148,36,21,134
568,"Monday, February 2, 4528",20034,60,124,5,20,135
569,"Friday, February 13, 4528",35952,125,101,59,2,212
570,"Tuesday, February 24, 4528",12113,23,48,39,24,69
571,"Saturday, March 6, 4528",36824,16,36,34,33,44
572,"Wednesday, March 17, 4528",30443,42,222,84,42,93
573,"Sunday, March 28, 4528",21051,233,178,10,3,221
574,"Thursday, April 8, 4528",26961,69,242,61,26,86
575,"Monday, April 19, 4528",21784,14,37,82,31,152
576,"Friday, April 30, 4528",17626,95,75,80,12,103
577,"Tuesday, May 11, 4528",893,72,39,60,23,136
578,"Saturday, May 22, 4528",34956,97,28,80,47,227
579,"Wednesday, June 2, 4528",19319,10,210,91,33,157
580,"Sunday, June 13, 4528",3881,176,179,72,3,1
581,"Thursday, June 24, 4528",22382,93,172,48,20,173
582,"Monday, July 5, 4528",3608,71,112,92,26,3
583,"Friday, July 16, 4528",8464,159,47,59,40,41
584,"Tuesday, July 27, 4528",19335,236,235,18,33,110
585,"Saturday, August 7, 4528",28161,39,80,46,22,62
586,"Wednesday, August 18, 4528",18092,22,174,76,10,58
587,"Sunday, August 29, 4528",3810,123,74,32,16,53
588,"Thursday, September 9, 4528",26972,131,160,32,35,62
589,"Wednesday, September 15, 4528",35329,12,183,13,3,96
590,"Friday, October 1, 4528",11224,113,75,76,7,138
591,"Tuesday, October 12, 4528",34434,160,211,16,15,55
592,"Saturday, October 23, 4528",879,112,241,37,33,187
593,"Wednesday, November 3, 4528",23539,55,111,82,22,173
594,"Sunday, November 14, 4528",31312,101,34,86,22,21
595,"Thursday, November 25, 4528",36054,67,22,32,44,45
596,"Monday, December 6, 4528",34869,42,53,25,20,27
597,"Friday, December 17, 4528",4675,141,100,28,24,189
598,"Tuesday, December 28, 4528",31469,56,9,15,40,89
599,"Saturday, January 8, 4529",24723,82,159,21,6,99
600,"Wednesday, January 19, 4529",29183,173,190,43,26,207
601,"Sunday, January 30, 4529",29591,162,188,92,45,12
602,"Thursday, February 10, 4529",10570,124,14,55,10,120
603,"Monday, February 21, 4529",19297,169,18,54,45,10
604,"Friday, March 4, 4529",23456,143,227,88,4,69
605,"Tuesday, March 15, 4529",16938,48,138,72,11,197
606,"Saturday, March 26, 4529",29461,39,153,4,42,179
607,"Wednesday, April 6, 4529",25729,187,178,88,5,32
608,"Sunday, April 17, 4529",38586,194,159,62,41,146
609,"Thursday, April 28, 4529",33540,21,17,59,16,223
610,"Monday, May 9, 4529",17934,131,159,17,26,18
611,"Sunday, May 15, 4529",27897,211,161,2,23,92
612,"Tuesday, May 31, 4529",4257,183,239,68,10,200
613,"Saturday, June 11, 4529",29784,178,40,87,27,37
614,"Wednesday, June 22, 4529",25996,199,162,19,7,70
615,"Sunday, July 3, 4529",2257,27,163,71,8,171
616,"Thursday, July 14, 4529",3444,95,73,95,47,197
617,"Monday, July 25, 4529",33487,211,91,47,41,25
618,"Friday, August 5, 4529",18372,209,45,95,44,14
619,"Tuesday, August 16, 4529",31052,122,157,6,19,11
620,"Saturday, August 27, 4529",31129,33,156,36,12,113
621,"Wednesday, September 7, 4529",35256,228,11,87,37,92
622,"Sunday, September 18, 4529",3209,132,127,44,8,16
623,"Thursday, September 29, 4529",31987,193,32,25,28,61
624,"Monday, October 10, 4529",28728,200,150,75,28,216
625,"Friday, October 21, 4529",21047,218,243,10,16,157
626,"Tuesday, November 1, 4529",31975,108,27,6,8,176
627,"Saturday, November 12, 4529",33839,15,114,65,26,35
628,"Wednesday, November 23, 4529",33084,4,132,88,3,157
629,"Sunday, December 4, 4529",34274,4,13,75,12,14
630,"Thursday, December 15, 4529",25675,120,154,83,31,136
631,"Monday, December 26, 4529",36202,121,50,69,12,218
632,"Friday, January 6, 4530",12513,171,56,18,6,196
633,"Tuesday, January 17, 4530",8069,116,134,71,8,240
634,"Saturday, January 28, 4530",23474,131,30,8,19,64
635,"Wednesday, February 8, 4530",6106,125,120,36,49,39
636,"Sunday, February 19, 4530",18728,192,134,35,31,234
637,"Thursday, March 2, 4530",6280,94,235,55,44,119
638,"Monday, March 13, 4530",34167,34,11,55,42,46
639,"Friday, March 24, 4530",35346,171,11,35,3,33
640,"Tuesday, April 4, 4530",3037,30,227,1,22,47
641,"Saturday, April 15, 4530",19696,204,201,74,49,145
642,"Wednesday, April 26, 4530",11016,208,116,38,40,122
643,"Sunday, May 7, 4530",28015,119,27,33,24,64
644,"Thursday, May 18, 4530",7172,15,24,50,18,204
645,"Monday, May 29, 4530",28537,73,227,21,30,100
646,"Friday, June 9, 4530",5099,205,30,30,21,133
647,"Thursday, June 15, 4530",3195,22,89,57,8,12
648,"Saturday, July 1, 4530",20973,225,108,35,29,47
649,"Wednesday, July 12, 4530",25318,221,126,52,28,161
650,"Sunday, July 23, 4530",26611,73,36,71,32,236
651,"Thursday, August 3, 4530",26521,4,123,77,49,7
652,"Monday, August 14, 4530",10163,98,82,80,34,82
653,"Friday, August 25, 4530",14798,223,209,26,46,151
654,"Tuesday, September 5, 4530",27083,39,127,52,21,34
655,"Saturday, September 16, 4530",38913,172,240,72,19,129
656,"Wednesday, September 27, 4530",34239,178,215,38,13,74
657,"Sunday, October 8, 4530",32975,55,54,36,10,127
658,"Thursday, October 19, 4530",5715,222,154,1,31,16
659,"Monday, October 30, 4530",9746,18,196,16,8,181
660,"Friday, November 10, 4530",19256,180,151,28,7,102
661,"Tuesday, November 21, 4530",21252,239,182,65,34,18
662,"Saturday, December 2, 4530",2483,231,42,87,1,232
663,"Wednesday, December 13, 4530",19668,202,181,12,15,219
664,"Sunday, December 24, 4530",8048,126,228,61,21,26
665,"Thursday, January 4, 4531",18453,71,175,36,21,22
666,"Monday, January 15, 4531",14942,176,20,90,19,184
667,"Friday, January 26, 4531",1488,49,176,14,4,151
668,"Tuesday, February 6, 4531",10672,57,16,86,47,27
669,"Saturday, February 17, 4531",19015,225,206,52,42,11
670,"Wednesday, February 28, 4531",4582,114,156,14,34,113
671,"Sunday, March 11, 4531",22077,122,88,66,14,21
672,"Thursday, March 22, 4531",23240,214,78,2,1,184
673,"Monday, April 2, 4531",12825,11,153,32,26,196
674,"Friday, April 13, 4531",18701,164,81,14,20,41
675,"Tuesday, April 24, 4531",13127,163,34,76,31,118
676,"Saturday, May 5, 4531",32939,15,57,2,26,114
677,"Wednesday, May 16, 4531",6924,158,169,36,32,123
678,"Sunday, May 27, 4531",24752,49,145,5,40,72
679,"Thursday, June 7, 4531",17060,216,86,17,37,161
680,"Monday, June 18, 4531",6321,186,19,77,26,114
681,"Friday, June 29, 4531",882,121,211,35,1,202
682,"Tuesday, July 10, 4531",19421,100,109,82,16,93
683,"Saturday, July 21, 4531",37919,102,83,37,11,19
684,"Wednesday, August 1, 4531",1736,85,117,70,22,91
685,"Sunday, August 12, 4531",27757,178,68,54,3,231
686,"Thursday, August 23, 4531",13649,222,182,7,42,92
687,"Monday, September 3, 4531",12939,3,42,81,6,60
688,"Friday, September 14, 4531",12374,50,138,3,31,9
689,"Tuesday, September 25, 4531",27197,7,83,24,5,22
690,"Saturday, October 6, 4531",16541,193,225,22,27,1
691,"Wednesday, October 17, 4531",4971,98,36,28,46,188
692,"Sunday, October 28, 4531",25677,212,131,35,41,144
693,"Thursday, November 8, 4531",15962,77,63,38,11,154
694,"Monday, November 19, 4531",39198,51,57,5,38,113
695,"Friday, November 30, 4531",12961,15,227,75,38,206
696,"Tuesday, December 11, 4531",4330,51,146,8,16,202
697,"Saturday, December 22, 4531",36909,41,149,82,48,32
698,"Wednesday, January 2, 4532",1737,168,52,40,41,142
699,"Sunday, January 13, 4532",37958,13,183,8,24,201
700,"Thursday, January 24, 4532",16060,45,157,37,33,111
701,"Monday, February 4, 4532",22167,128,174,79,40,7
702,"Friday, February 15, 4532",10724,15,150,22,28,116
703,"Tuesday, February 26, 4532",9319,204,1,6,45,53
704,"Saturday, March 8, 4532",16975,5,72,37,7,163
705,"Wednesday, March 19, 4532",36848,161,236,19,36,113
706,"Sunday, March 30, 4532",759,60,132,25,25,63
707,"Thursday, April 10, 4532",2099,235,67,16,39,28
708,"Monday, April 21, 4532",39425,78,226,75,29,142
709,"Friday, May 2, 4532",34620,233,81,23,40,97
710,"Tuesday, May 13, 4532",34713,191,91,74,12,80
711,"Saturday, May 24, 4532",37107,132,107,42,33,171
712,"Wednesday, June 4, 4532",6480,81,10,11,22,181
713,"Sunday, June 15, 4532",15547,231,64,25,13,139
714,"Thursday, June 26, 4532",26206,4,211,34,21,26
715,"Monday, July 7, 4532",12527,235,85,52,48,149
716,"Friday, July 18, 4532",17188,192,61,48,32,235
717,"Tuesday, July 29, 4532",34111,94,112,10,12,155
718,"Saturday, August 9, 4532",38657,132,134,72,25,70
719,"Friday, August 15, 4532",10651,200,98,27,22,29
720,"Sunday, August 31, 4532",7807,41,146,7,49,215
721,"Thursday, September 11, 4532",12156,42,7,38,17,86
722,"Monday, September 22, 4532",15437,126,99,17,43,45
723,"Friday, October 3, 4532",25624,139,76,60,27,238
724,"Tuesday, October 14, 4532",19879,102,50,6,39,104
725,"Saturday, October 25, 4532",4781,103,210,32,41,235
726,"Wednesday, November 5, 4532",4391,8,144,77,4,138
727,"Sunday, November 16, 4532",7456,193,17,94,20,194
728,"Thursday, November 27, 4532",20424,97,116,73,49,106
729,"Monday, December 8, 4532",18906,166,230,17,31,214
730,"Friday, December 19, 4532",15890,59,89,10,49,209
731,"Tuesday, December 30, 4532",8922,102,118,66,14,163
732,"Saturday, January 10, 4533",7827,152,212,20,29,192
733,"Wednesday, January 21, 4533",25777,237,194,41,34,17
734,"Sunday, February 1, 4533",10272,102,199,44,49,31
735,"Thursday, February 12, 4533",11470,113,81,92,10,137
736,"Monday, February 23, 4533",725,211,158,52,24,73
737,"Friday, March 6, 4533",28648,107,86,91,22,60
738,"Tuesday, March 17, 4533",30952,204,135,72,39,42
739,"Saturday, March 28, 4533",32384,18,157,63,49,10
740,"Wednesday, April 8, 4533",12847,37,164,50,21,217
741,"Sunday, April 19, 4533",21656,154,77,98,46,112
742,"Thursday, April 30, 4533",17270,160,11,5,16,190
743,"Monday, May 11, 4533",9860,229,113,83,43,87
744,"Friday, May 22, 4533",9508,140,53,17,38,125
745,"Tuesday, June 2, 4533",28807,103,133,60,10,238
746,"Saturday, June 13, 4533",26487,151,25,16,8,216
747,"Wednesday, June 24, 4533",33260,131,14,38,10,129
748,"Sunday, July 5, 4533",20163,12,90,67,41,98
749,"Thursday, July 16, 4533",16930,156,17,2,25,216
750,"Monday, July 27, 4533",25823,1,238,55,6,178
751,"Friday, August 7, 4533",30654,81,101,18,9,141
752,"Tuesday, August 18, 4533",27523,232,205,77,15,13
753,"Saturday, August 29, 4533",6684,104,26,79,1,23
754,"Wednesday, September 9, 4533",17627,164,206,18,27,128
755,"Tuesday, September 15, 4533",16992,28,105,94,10,132
756,"Thursday, October 1, 4533",25020,53,18,98,1,134
757,"Monday, October 12, 4533",23940,140,35,93,14,217
758,"Friday, October 23, 4533",31551,34,66,71,33,110
759,"Tuesday, November 3, 4533",36266,113,175,88,18,126
760,"Saturday, November 14, 4533",39722,240,138,3,35,124
761,"Wednesday, November 25, 4533",249,165,178,45,23,98
762,"Sunday, December 6, 4533",34068,146,19,34,44,137
763,"Thursday, December 17, 4533",14334,193,97,34,29,186
764,"Monday, December 28, 4533",30230,207,164,28,45,181
765,"Friday, January 8, 4534",24489,172,197,85,42,92
766,"Tuesday, January 19, 4534",38094,154,73,40,9,229
767,"Saturday, January 30, 4534",36351,15,84,99,38,229
768,"Wednesday, February 10, 4534",2861,143,205,32,45,110
769,"Sunday, February 21, 4534",21390,126,20,41,26,124
770,"Thursday, March 4, 4534",8097,92,195,29,3,18
771,"Monday, March 15, 4534",12538,79,207,36,44,184
772,"Friday, March 26, 4534",5729,71,124,95,39,203
773,"Tuesday, April 6, 4534",27842,203,223,2,14,115
774,"Saturday, April 17, 4534",10968,150,45,45,15,184
775,"Wednesday, April 28, 4534",17983,215,205,75,10,9
776,"Sunday, May 9, 4534",23497,147,89,97,30,191
777,"Saturday, May 15, 4534",28431,88,212,50,23,156
778,"Monday, May 31, 4534",15946,216,238,77,15,138
779,"Friday, June 11, 4534",12928,20,186,95,23,181
780,"Tuesday, June 22, 4534",12544,79,164,92,13,140
781,"Saturday, July 3, 4534",35865,58,178,69,18,50
782,"Wednesday, July 14, 4534",1122,197,216,53,29,207
783,"Sunday, July 25, 4534",9080,243,1,9,46,3
784,"Thursday, August 5, 4534",12564,115,234,10,5,169
785,"Monday, August 16, 4534",3325,114,146,18,38,201
786,"Friday, August 27, 4534",24287,76,22,99,34,34
787,"Tuesday, September 7, 4534",23395,1,57,6,10,118
788,"Saturday, September 18, 4534",8509,40,204,33,49,229
789,"Wednesday, September 29, 4534",37244,166,162,72,17,139
790,"Sunday, October 10, 4534",7646,240,15,54,10,185
791,"Thursday, October 21, 4534",29660,184,3,98,11,238
792,"Monday, November 1, 4534",6266,16,227,55,22,211
793,"Friday, November 12, 4534",12850,37,45,84,35,186
794,"Tuesday, November 23, 4534",15108,195,81,25,18,221
795,"Saturday, December 4, 4534",31557,19,125,3,32,59
796,"Wednesday, December 15, 4534",18171,100,153,13,11,194
797,"Sunday, December 26, 4534",1504,7,183,77,4,213
798,"Thursday, January 6, 4535",20385,54,37,72,25,98
799,"Monday, January 17, 4535",14563,178,169,22,32,207
800,"Friday, January 28, 4535",30046,228,19,78,43,198
801,"Tuesday, February 8, 4535",39822,116,209,44,22,224
802,"Saturday, February 19, 4535",28528,243,174,3,3,15
803,"Wednesday, March 2, 4535",22549,24,140,32,30,207
804,"Sunday, March 13, 4535",4221,240,194,6,15,54
805,"Thursday, March 24, 4535",36019,204,106,5,11,182
806,"Monday, April 4, 4535",23455,62,100,1,20,83
807,"Friday, April 15, 4535",27918,128,115,61,8,32
808,"Tuesday, April 26, 4535",4385,99,221,31,40,173
809,"Saturday, May 7, 4535",14756,41,117,2,16,178
810,"Wednesday, May 18, 4535",4850,167,109,61,44,137
811,"Sunday, May 29, 4535",6770,187,72,2,17,18
812,"Thursday, June 9, 4535",2396,3,177,49,14,66
813,"Wednesday, June 15, 4535",37535,31,230,59,21,28
814,"Friday, July 1, 4535",33727,2,80,68,36,47
815,"Tuesday, July 12, 4535",1871,115,81,99,47,197
816,"Saturday, July 23, 4535",31894,120,91,10,23,51
817,"Wednesday, August 3, 4535",30769,233,121,97,31,147
818,"Sunday, August 14, 4535",5393,77,153,83,9,241
819,"Thursday, August 25, 4535",38393,111,158,78,24,210
820,"Monday, September 5, 4535",36171,175,156,99,36,114
821,"Friday, September 16, 4535",34740,171,116,42,15,202
822,"Tuesday, September 27, 4535",33513,148,99,2,47,213
823,"Saturday, October 8, 4535",38091,28,219,36,7,199
824,"Wednesday, October 19, 4535",758,224,78,18,17,236
825,"Sunday, October 30, 4535",7006,9,22,79,39,186
826,"Thursday, November 10, 4535",1811,225,170,8,15,87
827,"Monday, November 21, 4535",16583,134,113,8,28,152
828,"Friday, December 2, 4535",17915,25,105,39,32,49
829,"Tuesday, December 13, 4535",252,63,131,31,11,147
830,"Saturday, December 24, 4535",29104,157,31,78,12,197
831,"Wednesday, January 4, 4536",7992,96,63,22,3,75
832,"Sunday, January 15, 4536",38811,162,42,67,48,63
833,"Thursday, January 26, 4536",7292,225,239,76,2,189
834,"Monday, February 6, 4536",27002,176,72,6,23,236
835,"Friday, February 17, 4536",28097,30,225,31,48,139
836,"Tuesday, February 28, 4536",37377,133,177,7,33,229
837,"Saturday, March 10, 4536",39190,13,186,91,11,124
838,"Wednesday, March 21, 4536",3505,103,156,60,13,215
839,"Sunday, April 1, 4536",22044,54,7,73,38,194
840,"Thursday, April 12, 4536",7201,24,217,54,40,52
841,"Monday, April 23, 4536",19416,47,21,11,36,143
842,"Friday, May 4, 4536",9450,1,13,85,26,169
843,"Tuesday, May 15, 4536",9002,14,210,61,6,5
844,"Saturday, May 26, 4536",39111,29,68,70,44,214
845,"Wednesday, June 6, 4536",18047,151,213,27,44,40
846,"Sunday, June 17, 4536",4496,126,231,72,9,208
847,"Thursday, June 28, 4536",10543,7,183,15,47,87
848,"Monday, July 9, 4536",18131,113,178,33,16,66
849,"Sunday, July 15, 4536",15410,234,2,57,3,198
850,"Tuesday, July 31, 4536",19981,102,39,97,28,227
851,"Saturday, August 11, 4536",7040,34,185,95,28,17
852,"Wednesday, August 22, 4536",27358,93,28,81,13,157
853,"Sunday, September 2, 4536",1370,201,150,37,37,166
854,"Thursday, September 13, 4536",35025,8,36,18,20,77
855,"Monday, September 24, 4536",9324,123,25,83,41,179
856,"Friday, October 5, 4536",30488,31,185,10,22,209
857,"Tuesday, October 16, 4536",21894,242,91,88,5,139
858,"Saturday, October 27, 4536",15399,141,215,96,8,52
859,"Wednesday, November 7, 4536",8265,32,2,29,32,224
860,"Sunday, November 18, 4536",12349,152,10,95,43,152
861,"Thursday, November 29, 4536",28673,186,162,36,22,103
862,"Monday, December 10, 4536",20642,184,21,36,42,112
863,"Friday, December 21, 4536",1680,214,90,12,49,135
864,"Tuesday, January 1, 4537",37559,159,160,98,39,104
865,"Saturday, January 12, 4537",11080,132,161,9,6,85
866,"Wednesday, January 23, 4537",27403,140,103,87,49,28
867,"Sunday, February 3, 4537",17189,227,35,44,48,211
868,"Thursday, February 14, 4537",5569,163,162,22,44,202
869,"Monday, February 25, 4537",10682,135,209,39,32,185
870,"Friday, March 8, 4537",1765,103,101,91,34,165
871,"Tuesday, March 19, 4537",2666,198,71,42,7,166
872,"Saturday, March 30, 4537",20743,233,126,59,2,155
873,"Wednesday, April 10, 4537",15102,211,173,22,10,66
874,"Sunday, April 21, 4537",30919,177,48,89,38,172
875,"Thursday, May 2, 4537",3729,80,208,60,4,137
876,"Monday, May 13, 4537",36275,229,173,96,42,212
877,"Friday, May 24, 4537",32807,50,188,22,34,225
878,"Tuesday, June 4, 4537",16727,165,167,35,26,35
879,"Saturday, June 15, 4537",13072,181,188,69,3,109
880,"Wednesday, June 26, 4537",35792,179,167,29,22,2
881,"Sunday, July 7, 4537",16153,220,56,30,40,187
882,"Thursday, July 18, 4537",5967,56,142,69,45,13
883,"Monday, July 29, 4537",9142,126,53,35,14,45
884,"Friday, August 9, 4537",2341,42,235,29,30,240
885,"Thursday, August 15, 4537",27090,145,7,64,7,102
886,"Saturday, August 31, 4537",31097,142,232,56,45,95
887,"Wednesday, September 11, 4537",13233,100,181,1,11,158
888,"Sunday, September 22, 4537",22988,37,225,53,31,192
889,"Thursday, October 3, 4537",39583,30,143,93,11,129
890,"Monday, October 14, 4537",37707,13,197,92,18,190
891,"Friday, October 25, 4537",801,12,75,66,39,175
892,"Tuesday, November 5, 4537",29011,15,127,65,6,13
893,"Saturday, November 16, 4537",9871,216,175,98,17,110
894,"Wednesday, November 27, 4537",22356,220,28,3,47,239
895,"Sunday, December 8, 4537",12026,118,14,74,39,146
896,"Thursday, December 19, 4537",34037,26,121,24,3,53
897,"Monday, December 30, 4537",13110,162,5,52,44,162
898,"Friday, January 10, 4538",19893,88,116,34,41,237
899,"Tuesday, January 21, 4538",24592,125,137,59,34,149
900,"Saturday, February 1, 4538",28701,212,6,31,5,125
901,"Wednesday, February 12, 4538",13676,34,52,45,39,51
902,"Sunday, February 23, 4538",5451,194,162,38,17,167
903,"Thursday, March 6, 4538",21894,65,76,34,3,21
904,"Monday, March 17, 4538",15204,151,27,35,39,162
905,"Friday, March 28, 4538",33519,9,94,80,35,242
906,"Tuesday, April 8, 4538",9184,201,35,26,8,165
907,"Saturday, April 19, 4538",30370,181,20,99,20,196
908,"Wednesday, April 30, 4538",30424,129,69,70,36,90
909,"Sunday, May 11, 4538",33078,103,113,62,13,86
910,"Thursday, May 22, 4538",34861,174,108,30,12,104
911,"Monday, June 2, 4538",5083,43,9,90,16,97
912,"Friday, June 13, 4538",29553,2,38,25,26,25
913,"Tuesday, June 24, 4538",17615,165,155,59,10,159
914,"Saturday, July 5, 4538",2464,4,38,21,1,117
915,"Wednesday, July 16, 4538",8863,236,53,49,9,64
916,"Sunday, July 27, 4538",29463,154,168,25,23,49
917,"Thursday, August 7, 4538",5386,180,85,48,27,229
918,"Monday, August 18, 4538",19469,238,177,47,10,143
919,"Friday, August 29, 4538",12281,70,107,6,45,177
920,"Tuesday, September 9, 4538",20514,195,18,54,17,102
921,"Monday, September 15, 4538",37178,192,184,35,2,23
922,"Wednesday, October 1, 4538",5113,148,212,54,20,152
923,"Sunday, October 12, 4538",35738,24,8,63,35,18
924,"Thursday, October 23, 4538",7167,138,110,34,34,58
925,"Monday, November 3, 4538",16637,192,138,46,24,165
926,"Friday, November 14, 4538",13440,12,33,28,39,82
927,"Tuesday, November 25, 4538",36340,46,71,29,22,243
928,"Saturday, December 6, 4538",27672,138,119,7,40,51
929,"Wednesday, December 17, 4538",3784,208,30,62,32,155
930,"Sunday, December 28, 4538",19101,53,188,52,48,129
931,"Thursday, January 8, 4539",32277,49,205,19,28,181
932,"Monday, January 19, 4539",4411,127,236,94,13,48
933,"Friday, January 30, 4539",30161,145,221,78,25,190
934,"Tuesday, February 10, 4539",19059,192,144,27,45,184
935,"Saturday, February 21, 4539",38156,65,170,84,34,109
936,"Wednesday, March 4, 4539",24298,151,170,8,26,33
937,"Sunday, March 15, 4539",26728,6,187,32,19,141
938,"Thursday, March 26, 4539",32684,90,68,13,44,54
939,"Monday, April 6, 4539",34980,243,159,72,5,173
940,"Friday, April 17, 4539",7035,25,138,5,7,104
941,"Tuesday, April 28, 4539",24601,92,236,81,37,197
942,"Saturday, May 9, 4539",38704,48,191,79,16,240
943,"Friday, May 15, 4539",27863,166,204,47,13,58
944,"Sunday, May 31, 4539",19109,16,110,94,49,169
945,"Thursday, June 11, 4539",22615,145,9,44,29,53
946,"Monday, June 22, 4539",9963,145,232,84,10,144
947,"Friday, July 3, 4539",26716,106,231,1,49,236
948,"Tuesday, July 14, 4539",10864,132,241,56,30,68
949,"Saturday, July 25, 4539",30724,225,241,91,30,110
950,"Wednesday, August 5, 4539",19644,41,107,49,48,55
951,"Sunday, August 16, 4539",29807,195,73,99,28,239
952,"Thursday, August 27, 4539",35901,22,23,43,1,218
953,"Monday, September 7, 4539",13861,121,241,11,16,145
954,"Friday, September 18, 4539",18585,177,222,56,31,100
955,"Tuesday, September 29, 4539",14814,131,50,77,4,207
956,"Saturday, October 10, 4539",35168,230,140,19,38,41
957,"Wednesday, October 21, 4539",19587,2,71,4,30,49
958,"Sunday, November 1, 4539",5052,138,122,52,4,195
959,"Thursday, November 12, 4539",17738,2,44,43,7,193
960,"Monday, November 23, 4539",6441,214,198,53,49,86
961,"Friday, December 4, 4539",25552,72,143,27,17,23
962,"Tuesday, December 15, 4539",16172,52,65,62,44,234
963,"Saturday, December 26, 4539",32728,15,62,86,47,61
964,"Wednesday, January 6, 4540",27683,54,28,76,16,36
965,"Sunday, January 17, 4540",21458,60,218,16,33,97
966,"Thursday, January 28, 4540",13182,216,199,11,30,158
967,"Monday, February 8, 4540",16673,98,156,71,19,8
968,"Friday, February 19, 4540",8531,152,189,33,41,89
969,"Tuesday, March 1, 4540",31553,108,211,81,12,127
970,"Saturday, March 12, 4540",24623,107,131,29,27,164
971,"Wednesday, March 23, 4540",34906,51,116,94,33,1
972,"Sunday, April 3, 4540",24464,89,158,51,42,19
973,"Thursday, April 14, 4540",13445,87,61,76,17,204
974,"Monday, April 25, 4540",7971,136,193,32,45,48
975,"Friday, May 6, 4540",32739,219,26,13,15,110
976,"Tuesday, May 17, 4540",18307,118,82,38,45,180
977,"Saturday, May 28, 4540",27355,230,52,4,27,157
978,"Wednesday, June 8, 4540",22039,58,141,62,6,218
979,"Sunday, June 19, 4540",12632,31,102,44,16,159
980,"Thursday, June 30, 4540",29393,234,211,44,7,167
981,"Monday, July 11, 4540",9366,214,18,93,16,90
982,"Friday, July 22, 4540",39428,175,96,34,32,67
983,"Tuesday, August 2, 4540",25444,112,211,52,3,170
984,"Saturday, August 13, 4540",21547,243,66,76,23,221
985,"Wednesday, August 24, 4540",19817,122,16,66,35,198
986,"Sunday, September 4, 4540",33758,85,55,19,37,49
987,"Thursday, September 15, 4540",6333,201,107,37,35,4
988,"Monday, September 26, 4540",39061,33,162,99,48,239
989,"Friday, October 7, 4540",6438,177,9,72,14,220
990,"Tuesday, October 18, 4540",8052,217,51,59,36,35
991,"Saturday, October 29, 4540",39066,113,41,30,43,134
992,"Wednesday, November 9, 4540",17625,167,136,8,43,136
993,"Tuesday, November 15, 4540",38202,175,64,91,1,39
994,"Thursday, December 1, 4540",11231,61,102,55,19,219
995,"Monday, December 12, 4540",20129,144,74,49,31,11
996,"Friday, December 23, 4540",8204,126,102,43,31,115
997,"Tuesday, January 3, 4541",1765,37,239,77,6,126
998,"Saturday, January 14, 4541",14337,221,146,23,1,59
999,"Wednesday, January 25, 4541",12458,21,179,54,48,106
1000,"Tuesday, January 31, 4541",35055,159,158,42,39,238
